Date,Units_Sold,Average_Market_Price,Daily_Sentiment_Score,Ad_Spend,Inventory_Levels
2025-01-01,157.46085192497628,307.85993381645017,0.831479713874645,1278.564592649623,500
2025-01-02,139.63955126765737,293.72380904762565,0.6648184487536137,1699.5257487038375,1410
2025-01-03,135.31899470782747,292.39340032422564,0.6609382673669295,4422.949035623145,640
2025-01-04,154.40180675813647,300.700171180712,0.6344384773996891,1908.71822809406,1147
2025-01-05,154.4083367643084,304.6760409636102,0.8311059518954683,4348.16450097176,687
2025-01-06,136.06838680868984,307.72282527047616,0.8675304317776076,2117.104353817642,1651
2025-01-07,140.0987281617216,296.8714028614795,0.6927662499137514,3571.5276402348304,700
2025-01-08,175.0789321195424,304.421865705618,0.6073307363608195,3776.602294039324,1650
2025-01-09,174.25754067427906,298.6985565535954,0.6287600836167495,3050.619012580212,756
2025-01-10,166.9526100330927,297.8905997640322,0.9387510121957606,2221.242706786925,1046
2025-01-11,168.78084684969508,303.034673313807,0.703405672117097,1850.5775054843843,693
2025-01-12,141.59043888162847,301.7406253810781,0.8692281017433467,1132.7574182497049,1202
2025-01-13,163.94135377221912,290.4596875667271,0.8186322490989923,2215.7856049628954,1627
2025-01-14,176.3736860190463,305.5869874629152,0.7336788738785135,3612.651162125132,1788
2025-01-15,149.53885431321072,304.9673798476604,0.6719905417684443,4753.219273793931,1301
2025-01-16,184.1561505717917,294.8017469320128,0.6424852463557922,4484.817929052208,1441
2025-01-17,151.87383256299,299.77121546938486,0.8152545388136033,4064.2591061412095,1907
2025-01-18,159.7637410902488,300.12498609624885,0.8711218232232257,4153.789373013195,1783
2025-01-19,173.83942187431416,298.8208413565921,0.8253664887393957,3659.939613903981,913
2025-01-20,181.3724196196427,294.6285841208828,0.7856057466372054,2041.147430264012,1881
2025-01-21,175.50127484123908,293.88463041305704,0.6146829282010726,4628.780122823319,1598
2025-01-22,168.86567880506115,296.9776142604274,0.9389710721580342,3682.929247623336,1878
2025-01-23,138.6026095117037,302.8316670743188,0.879549967079101,3241.76252392176,1409
2025-01-24,181.69201761794807,299.5486601136315,0.7024877128453376,1443.9578768539243,687
2025-01-25,199.56080481679447,294.84022504286617,0.9429896152755975,2788.222175225702,1813
2025-01-26,170.608342464298,300.4144276191758,0.8106585563727127,2841.433084807705,544
2025-01-27,171.01522508134713,282.1758583254211,0.8038479303725362,4458.25443809068,582
2025-01-28,181.2681279843952,302.0250372930693,0.8618256128003362,3186.592880751154,1646
2025-01-29,202.01940987947063,287.4452772599556,0.8841194258315481,2521.602195881638,857
2025-01-30,193.90374671328672,294.19427880946785,0.8297675125660259,4907.201314042637,1589
2025-01-31,176.4721839241558,290.27077140599016,0.64483351122817,1442.8823733052627,1435
2025-02-01,213.10845567417547,289.25835086315374,0.7183936270980744,2690.1937132477788,874
2025-02-02,175.4654855077219,301.3985295412882,0.9248292741141172,1168.0987006856212,661
2025-02-03,168.2858060597235,293.1185269604736,0.6786154641453481,3959.616483067721,1903
2025-02-04,183.63591134634024,297.0521897383239,0.7302584583431296,4672.306208796603,1881
2025-02-05,214.0637463602445,294.94770479791174,0.7512269090304686,2120.1493182019576,1711
2025-02-06,161.96985195058602,297.43014919106065,0.7537917463930582,4433.366707196484,821
2025-02-07,220.0610592983249,295.2916918728837,0.8145288538730839,2168.872921847591,949
2025-02-08,182.4007110802693,288.35525865927696,0.9300765432106476,4643.080646575661,1997
2025-02-09,211.8588387176372,299.61419124009285,0.6842424491413767,4015.847614387136,1536
2025-02-10,189.64559291111675,292.0267115896879,0.6425254817053213,4219.6271073657545,683
2025-02-11,213.17581978762584,286.5752223748331,0.669114671450978,1072.026222401818,610
2025-02-12,187.2672236681404,292.0801934259397,0.9104237150732444,4851.241428296104,1007
2025-02-13,190.2467374837273,301.58720554657816,0.8260337844293221,3906.683968281293,1813
2025-02-14,188.38308254368917,298.19715266661143,0.700067376233706,2219.0043815445333,794
2025-02-15,231.2612126344997,292.06542064664205,0.885581428639016,4317.578659435388,1974
2025-02-16,203.80359179325148,291.92503015972653,0.9014794987272026,2126.08479365972,1403
2025-02-17,211.561484785992,291.92578078786914,0.8962800185415973,4491.015358264512,1738
2025-02-18,212.78322755896903,303.7803333243976,0.921624286773844,1450.321561647748,1473
2025-02-19,191.1742342433731,295.16890803038854,0.6882843570606765,3814.743909843183,1131
2025-02-20,191.10926248121925,295.2720763678235,0.8642646750611973,3162.7939065796413,1550
2025-02-21,179.18011167466173,298.1359227646647,0.761188824045949,1386.1378807817632,1232
2025-02-22,169.01329959754906,294.0410886522754,0.8946994935115216,1967.575313035356,1754
2025-02-23,232.10379936485708,291.4145694906767,0.8549717370065646,1049.6161451092592,820
2025-02-24,202.5183309712581,291.5906683369927,0.8717566062749036,2875.071861858023,1412
2025-02-25,193.0707704125333,292.0770486479846,0.829656643188375,2205.0610430400016,1756
2025-02-26,233.1582031445581,292.1115811251431,0.6621000693143974,3393.429937191035,936
2025-02-27,203.47522601526416,295.7984773885146,0.7907594216139284,2188.951230834469,1280
2025-02-28,186.58962313747023,292.2826964620035,0.944634408833578,2199.6764460279387,1926
2025-03-01,196.15425869559056,295.5488047816823,0.9280858232739916,3972.7727949264136,1576
2025-03-02,174.80815720947828,291.34465885769885,0.6151108075289541,1192.5713439134138,1836
2025-03-03,208.9407544030965,292.0040550724596,0.657685185505303,4611.579980767949,1804
2025-03-04,188.64426057343505,281.482513060856,0.6461050707090966,4409.055497564727,1225
2025-03-05,188.33574395279325,295.9177922196663,0.8540929684948534,3671.218732905626,530
2025-03-06,199.41573054309077,292.93123358828115,0.8862248654499307,3372.886280429537,836
2025-03-07,198.5756695327564,296.0514791207268,0.6747289782087351,4569.209992558609,682
2025-03-08,206.09864610222067,276.4427890430975,0.7770484425331401,1741.3207181148578,1546
2025-03-09,188.01728113104724,301.2285768206069,0.8942460598039199,1315.8766487633145,1043
2025-03-10,207.4607693666968,289.95139251856483,0.8564805406681877,1958.0406796381524,1969
2025-03-11,213.5293003639446,296.05289210566565,0.7897830219221469,4178.3131148007615,1597
2025-03-12,178.52067064501892,285.1750857489877,0.8066216916605705,1138.6810669059332,1533
2025-03-13,188.6420392690609,293.3011222725656,0.777926191420698,3331.227340333958,1979
2025-03-14,196.66297288082276,284.83281229402183,0.7041419579615872,4981.75006476524,1159
2025-03-15,219.61077008343756,286.84368266904846,0.7977576975006556,4422.7843753501575,659
2025-03-16,193.9309255198477,299.3953216044988,0.8411098557175317,3085.782756174358,1537
2025-03-17,208.8675971653035,288.7343901939855,0.9056630205512828,1254.5636371465694,1701
2025-03-18,186.33010209902156,290.63760392633816,0.8227019738927368,4325.494057542839,911
2025-03-19,198.21320352361343,293.7634155765207,0.8663925379651052,3395.914032708842,1511
2025-03-20,186.92417725984305,291.7541237255773,0.6560250722341006,1459.7319882382674,552
2025-03-21,158.21333998626372,289.89044617406955,0.7615451160469264,1375.429139293425,907
2025-03-22,200.25706049759023,290.82579402332016,0.6032660669394826,4638.50727774637,1346
2025-03-23,170.15143187348974,300.8807042998177,0.686337602582568,3676.801051752314,1545
2025-03-24,187.0584930270217,288.4381697510958,0.8542616002895517,4317.147197267022,1553
2025-03-25,215.4732960888743,289.5943963324759,0.9471334829722772,4515.915601129069,1202
2025-03-26,182.5339111307638,293.7048104415765,0.6347123348555256,3287.089408193289,759
2025-03-27,216.41479789280447,293.84180548896575,0.7405230105514509,3069.785407020165,1728
2025-03-28,171.0599958960483,294.1119647146151,0.8800248390447059,2721.709641283961,1582
2025-03-29,187.98450782885368,291.2331016595965,0.6714124721201146,2267.7863511644773,1994
2025-03-30,179.53613620785634,282.18706334843546,0.7942797322558002,2738.383843434847,1275
2025-03-31,197.0813850284608,295.93188293623075,0.8565749536103862,4095.5186229206256,1989
2025-04-01,169.25627096115488,281.8956356722692,0.8155949075910627,3407.693724060526,1535
2025-04-02,186.14370535165145,289.0031773261952,0.6658086571153956,4570.093159819384,1813
2025-04-03,210.41282745367735,283.5812581125406,0.7243845990400087,2773.520057516751,1349
2025-04-04,157.71801375858757,286.8945829923098,0.8743271245698889,3428.3583148750163,853
2025-04-05,179.01708786768089,288.72172413942945,0.7939792799462058,3525.2302123679547,1598
2025-04-06,186.31831447643685,288.5473355278008,0.6018303647400194,3366.788649225302,1372
2025-04-07,184.8067864364388,288.9127905843632,0.8663467660098327,3810.535092342065,1964
2025-04-08,193.65303945767965,294.73438052111743,0.6123589742290837,1949.733873499225,1490
2025-04-09,153.44640784361377,288.79613304603146,0.8610068239559312,3049.4551101831626,1764
2025-04-10,180.5952203645093,285.17031572464566,0.6708681960578331,1416.8992112333908,1517
2025-04-11,181.28746139627555,291.0741721051781,0.9353257180417832,2538.0453105792503,1677
2025-04-12,182.3099839446631,292.06372607099684,0.7287792629557295,2950.6682744850577,1619
2025-04-13,169.9699036125455,279.84097191332603,0.7144260657183277,3608.89703818189,793
2025-04-14,167.06998275980544,288.82864870089765,0.6521108176163556,4802.124210344814,708
2025-04-15,185.2495695978898,289.2101494258402,0.7069614754215752,3402.6042661934234,1866
2025-04-16,134.0056650466786,284.07910556012314,0.90682776663987,3974.375664706239,1611
2025-04-17,178.1033921937097,292.3080945061185,0.9487170181695366,3025.064237980811,1317
2025-04-18,159.55784485607725,284.5419198670352,0.7289083356773969,3536.416125505325,889
2025-04-19,142.93939232884895,285.7827174321929,0.7570137208340899,1283.7288645350936,824
2025-04-20,179.53458946201903,284.1521134060532,0.8527248283709579,2017.566323367388,1439
2025-04-21,164.7434900766032,284.95800512801725,0.910168523162776,2447.412372820555,1388
2025-04-22,136.2471452043776,279.26137181827124,0.8075655169653744,2889.9734200260546,1680
2025-04-23,169.03320399682093,277.4051302024132,0.7370339943622403,1182.594982009535,1167
2025-04-24,157.9652810538956,292.4405472941468,0.7444176442970183,1560.0963902132708,1132
2025-04-25,168.0841229019942,280.0958525990677,0.8434663512738824,2107.257231165223,1076
2025-04-26,166.92045355455792,279.2363349560152,0.6011263922614976,4886.130763604202,636
2025-04-27,174.078965399832,273.2889834979155,0.8168562681109441,2325.3880284122038,927
2025-04-28,145.96034799986225,280.7237626901239,0.724422553654475,2928.16423244833,1975
2025-04-29,147.29843407567782,277.1657598241713,0.8779690659469794,1784.3908509535718,1111
2025-04-30,126.02579923045812,291.853921954528,0.6325467239380962,3443.120284303073,1410
2025-05-01,138.5717114404304,288.55556896319666,0.8058707934319367,2122.7328620638973,1318
2025-05-02,104.99835640280072,279.92836915323227,0.7683405114601433,1827.9703137537072,640
2025-05-03,155.29006967465963,294.4939372684798,0.8248139340668296,3066.290513783916,1606
2025-05-04,109.46746552563673,288.0032230393536,0.6226987580690388,1022.0231966416832,676
2025-05-05,136.09393485253787,281.33287604948987,0.802994325599846,1030.6561305969012,697
2025-05-06,150.11546083551946,270.32264175530247,0.7965196057858333,1876.275236407431,1123
2025-05-07,106.87869250444672,294.1370205552614,0.7962310330456598,1146.8854500032846,1190
2025-05-08,140.79143086445677,275.5970827211271,0.8112206833087592,1432.1030165227655,1944
2025-05-09,131.9746350615193,274.180588682798,0.8367637780292267,2355.4425973550065,900
2025-05-10,141.71785742533993,287.383071940268,0.8817461498882694,4210.342718319252,970
2025-05-11,136.546755472085,294.3316191745536,0.6944372520448749,3288.1945734772034,717
2025-05-12,136.76281634313446,288.9168585980471,0.8887672935630218,3050.670903825666,1428
2025-05-13,124.66047875059895,284.67767746839365,0.7743894887922087,2173.9552928324865,1131
2025-05-14,106.87011033073809,284.69454093909565,0.6269703976970159,4727.014877731266,1450
2025-05-15,121.95998852743004,285.85048438730814,0.6204928252353927,2588.0601649487667,1405
2025-05-16,126.0447090067473,285.2406869049778,0.7169834115436212,1348.371067183086,674
2025-05-17,126.20952112663366,282.71463843852825,0.8747139419890135,3468.266064471205,522
2025-05-18,113.07359066474606,281.69232420107807,0.8476883271593205,1455.3535739064057,734
2025-05-19,127.31352252903775,280.7209904044584,0.8760152376353423,2380.8925712067685,1536
2025-05-20,80.72759758610398,277.12677046226,0.7810441697545633,3029.6477548712355,1624
2025-05-21,130.74630524118524,279.3558553848969,0.7540696492844217,4496.890098740703,1428
2025-05-22,111.18350286825022,272.15708406089124,0.6516083843471994,2974.1863213604747,1022
2025-05-23,130.04160526540238,279.9928073605318,0.714867463763259,3809.035064126657,1975
2025-05-24,103.55436983527302,275.40418732138824,0.7519067781608563,4971.267355996281,930
2025-05-25,119.95098765636774,274.6918336337014,0.631010150387866,1525.9564795919264,1292
2025-05-26,102.84810496307348,280.9718883381849,0.6772141834489239,2098.9261020780777,1032
2025-05-27,109.47352500767497,286.89506637677795,0.8093788529223085,2578.3043023905857,1478
2025-05-28,119.82747092558,284.3892753377039,0.8574820899837163,2687.312714155325,1816
2025-05-29,116.91162843284556,271.8078266522138,0.9494216289875324,2644.084301062183,1309
2025-05-30,96.9313385453664,274.5748263501153,0.9265896659702452,4630.44401022622,1412
2025-05-31,128.32213023385194,284.0894603355455,0.824897819837317,3856.130577867426,1624
2025-06-01,117.838292569545,274.33580479055024,0.7474368186529252,3431.620856362815,1827
2025-06-02,128.01549249697695,277.987713370894,0.8226620776478815,2237.4908714511284,1370
2025-06-03,127.71225051043476,281.72377697863925,0.8749780663280812,4295.161536885179,1039
2025-06-04,89.2326851405119,273.9944315718357,0.6414176668231856,4820.242045939956,1523
2025-06-05,100.60207150906848,279.225668739521,0.7434667113937008,4284.793130200906,1878
2025-06-06,101.278374241768,271.89130109683754,0.8939307999724659,1006.2604207658916,1826
2025-06-07,75.70283015084742,275.4172277143099,0.7343415331765654,3545.605480733628,726
2025-06-08,113.21310748396154,279.885612967416,0.8001552949295152,1204.5415257684028,1759
2025-06-09,112.11583215791087,270.1843719916823,0.8057192763017693,2030.4288813348876,1372
2025-06-10,72.04339631827175,280.21435171178007,0.6645666885967737,1238.098801391087,1391
2025-06-11,97.89146216070483,277.776426389982,0.7267824045783009,3415.181811797551,1978
2025-06-12,100.66282053311016,280.4997025193385,0.7170789510596762,3746.359653970427,1536
2025-06-13,85.68894757165621,278.7194607802134,0.6091688479862226,1457.9505522636205,709
2025-06-14,109.7194723793478,284.28322962239673,0.6084671173619743,2535.3555321799176,1240
2025-06-15,98.1447964795414,277.9512873484044,0.8910939652865206,2824.946035822168,896
2025-06-16,110.08111084502222,275.040774492176,0.6955747834904843,2476.2120870436665,1623
2025-06-17,105.40332210437978,277.66192707560094,0.7813275681835854,1484.1000019407722,530
2025-06-18,119.07828574414091,279.62956706825884,0.7045539507560705,2675.791160749902,1397
2025-06-19,79.98092978030711,277.0200146373428,0.9292377357903692,4004.712191233673,1148
2025-06-20,99.54958102352202,276.8413101043711,0.6907538656030208,1284.030658133022,828
2025-06-21,99.75351418300096,272.99103057195526,0.7503798844586272,1320.7200563276135,1689
2025-06-22,84.77693078747393,273.04912178587165,0.9054555876696108,2419.085167343937,1982
2025-06-23,122.86481168884838,269.2132373772653,0.894676748377133,4766.9028464757,1451
2025-06-24,129.77950342121486,284.83678481483577,0.665135496246197,3674.290586891656,1623
2025-06-25,110.15140893059024,269.732222284582,0.8809251584284986,3714.6798266902592,1120
2025-06-26,95.26806105900764,272.3496498351963,0.7603654103582624,2447.67996335146,1696
2025-06-27,131.1163049163114,272.08477685896725,0.7690391052298743,3374.6431648341536,661
2025-06-28,105.41014206601572,280.0140724341728,0.6467179903455803,1040.5247361109734,1275
2025-06-29,75.73895101290371,273.9273395206277,0.6282105298149936,3544.3841856381687,1786
2025-06-30,70.11583695567667,281.50343563809395,0.8547787574408178,4653.147790304947,773
2025-07-01,94.12751054687683,271.7599095161433,0.773761403324355,3450.2938733792766,1526
2025-07-02,90.6799149937779,276.38497081111905,0.7528977459153128,4494.79437386538,1551
2025-07-03,99.35164074448484,270.6759020963386,0.8553278800283388,3895.892221864375,825
2025-07-04,121.11008403820284,285.4410203641417,0.8679295146468884,1482.2336656147609,1439
2025-07-05,76.67668694809528,268.6399199927645,0.6556178586842737,4609.813229143367,1672
2025-07-06,73.57488310486002,275.9896530016846,0.8135788023171744,1265.7753774230996,1039
2025-07-07,117.16167584319558,277.4720712178473,0.6473739287971899,3135.869890191055,987
2025-07-08,79.50874938553196,276.2348196630817,0.862981280110166,1568.5484951738308,1321
2025-07-09,106.97769532806016,273.102023244073,0.8299343046934988,1046.8264429236162,1961
2025-07-10,103.32847650933113,273.2419954024318,0.9348151173792104,2688.1370405105563,1588
2025-07-11,102.8256549233741,273.97279362363184,0.6241353057247474,2180.162830616625,855
2025-07-12,120.1744623852345,272.88136361823115,0.619969152402939,2944.001975190412,1775
2025-07-13,108.406425330652,278.2984065729855,0.6987654761426201,3308.799546938203,734
2025-07-14,77.09935916216395,284.39426335960513,0.6915969893075671,1174.9562892357894,726
2025-07-15,89.16059881830337,270.41682678924656,0.6864425796752,1492.0131804949824,1836
2025-07-16,122.73679598015956,266.2179081790277,0.9171891031823628,3234.5695858017016,548
2025-07-17,148.0927625928727,272.48815019780415,0.6873411699473271,2372.669412690633,617
2025-07-18,111.2325583826564,285.6907444904694,0.6951824041450209,3916.693950197792,553
2025-07-19,111.67627194062412,268.6364623249865,0.8657893918462873,3609.166594367759,1064
2025-07-20,117.75935542570652,280.71305655469286,0.757408944857689,4382.417451959627,1567
2025-07-21,105.52722622346931,280.76861396049213,0.8718486949343134,3769.971306676901,552
2025-07-22,105.72440654432512,269.4748060442073,0.6228781551475349,2719.7243095605927,1057
2025-07-23,81.24096749093943,274.950300011311,0.7706499177856845,3691.8664895777297,1625
2025-07-24,116.27615679039052,280.11000509366465,0.6117647600641489,2101.524697021674,1367
2025-07-25,129.6338555164835,269.9350206357219,0.6219286212093741,2225.253995112851,897
2025-07-26,114.61589027708511,270.6753949027849,0.9172531086705438,4155.940639683173,1661
2025-07-27,127.1556522201388,268.6475294961909,0.6487358798911583,2785.678065606329,1174
2025-07-28,129.90050661996466,266.34478777510714,0.786347238796326,4193.52136207341,886
2025-07-29,129.11595902870593,268.0348210658788,0.7438834609102473,4289.689494673114,610
2025-07-30,157.6880881577742,265.02414482003485,0.7215701641905949,4430.249350645136,1113
2025-07-31,141.31536504419807,271.17690085777963,0.9149416709905454,4666.540943364829,516
2025-08-01,149.9525888699029,267.01925472382766,0.6076381888714213,2723.940882053185,1705
2025-08-02,143.52824129853505,271.900687800712,0.8323263901614562,2275.467273284556,1383
2025-08-03,160.16097981421436,262.8149173733775,0.9371880519747426,3328.794986376456,1040
2025-08-04,121.07940625761128,272.11143412810526,0.7960588642116446,2484.6896937505103,670
2025-08-05,134.73575996646542,274.4873151377149,0.927887861711582,3404.296667200932,908
2025-08-06,133.6006102145195,260.2136294794504,0.6182902577501083,3822.3434505752975,1239
2025-08-07,155.40906145881135,271.9152279041829,0.7465776616759565,3753.6200739685473,1901
2025-08-08,144.90947212887403,276.0459273799489,0.6910552268367178,2498.211548080485,1711
2025-08-09,161.35712631198317,263.72201468676377,0.8557873377432554,1667.4408067950112,1357
2025-08-10,142.56385435258505,277.99571907704564,0.9434539816740364,2722.11735384883,729
2025-08-11,180.5046014541951,271.5905895523248,0.6897855218554867,1570.376576327635,618
2025-08-12,143.88446558014596,265.8330725893398,0.828961110515926,4560.388140735233,1679
2025-08-13,161.37264771095366,268.9419238424807,0.669334171465909,2383.5098429514296,1283
2025-08-14,134.40257176836946,271.87504115601524,0.7978655891000634,1617.8389888932952,964
2025-08-15,145.61254443464398,269.32607091310604,0.7623763703409177,1101.7910396230036,603
2025-08-16,150.121919091424,271.5024612809132,0.940201865371038,3583.289545145937,1197
2025-08-17,163.09269879924187,264.0679507159218,0.8129845454437632,3547.6092698189727,674
2025-08-18,158.23181318725022,269.3807601641364,0.7223272302303866,2362.4166663251667,1244
2025-08-19,139.46116098898443,261.3280209220685,0.6399335247107767,1286.8475553906042,1944
2025-08-20,159.2129586330458,267.70310046248727,0.652936390057227,2638.515579580928,1657
2025-08-21,161.803339318069,263.6023299245442,0.6788609254829323,2244.8699802535743,1914
2025-08-22,152.66654593897383,264.30685578155664,0.6878383314691042,3708.4825589400375,1164
2025-08-23,154.15471509657283,274.02760873319505,0.8977156202443982,3423.1169978107614,532
2025-08-24,155.06432021838532,273.16633082275155,0.7964279758988837,2458.37491279016,554
2025-08-25,165.35113332787523,270.61810818695346,0.7831868189810283,1871.5702170199604,1018
2025-08-26,168.75446144081548,261.97349112169206,0.6401691051542261,4952.143864622367,1255
2025-08-27,165.0804767054114,265.7156500592183,0.901048892672302,2816.00648478446,511
2025-08-28,185.5823627711061,273.22581817022564,0.8529850061229693,3753.096943120948,1219
2025-08-29,160.18568601423308,267.73155160116653,0.6236839266650005,1562.2118703134431,1054
2025-08-30,168.7571052441056,278.4822520955129,0.847742284030419,2942.3587986375915,872
2025-08-31,175.34907047606723,268.71483095521364,0.7902383760699261,1110.146879477862,983
2025-09-01,162.90592290078914,267.5711247033293,0.6286038710113724,3021.8204716417995,1472
2025-09-02,153.44015293072667,264.927934162504,0.7604052245350297,4856.069628470809,1751
2025-09-03,159.42965114201797,267.0038583700653,0.7696437004955164,2536.826851943201,1122
2025-09-04,165.94839749561245,265.43644202688847,0.6580210890571465,1155.9840502996462,806
2025-09-05,193.948260759662,269.60197195487154,0.9309943514500988,1123.8231636773742,956
2025-09-06,176.81239588439257,270.7075775180389,0.8974913800182316,2551.947039787478,659
2025-09-07,166.39311830570944,261.8567559941636,0.8341578180651879,1640.0997458527763,830
2025-09-08,174.34405893668975,258.9931758915518,0.7618034463502125,1093.4083853127436,1275
2025-09-09,155.4772761555302,256.3309511564616,0.744117939554578,4024.854455800708,724
2025-09-10,164.1851219127654,267.9145720191781,0.827840713502834,2834.092035527563,1482
2025-09-11,161.94468138414294,259.7204197163834,0.7909011542924169,2156.979087890618,1228
2025-09-12,193.9634655605484,254.33543714512768,0.6217955870586599,4600.332732065923,1979
2025-09-13,172.82407999725507,266.9054204951823,0.7793759270696161,1464.5558408021025,1568
2025-09-14,153.4847332760362,277.2901624223288,0.8822412660314938,4823.675315821277,1737
2025-09-15,200.83835785412367,264.6574476401028,0.7607339571589353,2255.866869509411,1582
2025-09-16,188.6873025299917,268.74289343269777,0.618184802143994,4553.614689234725,1143
2025-09-17,181.3131896412517,264.82222371581474,0.8751973697844115,3411.7715059178463,1115
2025-09-18,186.329425502704,263.78126601975856,0.670477323747591,4306.8294389659495,694
2025-09-19,206.57513116522009,268.7337340632905,0.6905172922108136,4936.052652841858,988
2025-09-20,142.13630660731582,262.5496162900458,0.6576472237013036,2153.6217512749827,656
2025-09-21,176.45137295958108,265.2005879439859,0.7155752727050241,4844.541941630372,1109
2025-09-22,195.63204461237308,265.3347527672438,0.8648630269910222,2557.9275796096817,1749
2025-09-23,168.9727080569425,260.24844883068585,0.7817850508263781,2542.047618947689,911
2025-09-24,183.51058033523827,268.41175020922105,0.6717084459527494,2361.5484170180225,1728
2025-09-25,191.5038885356356,262.4393770406988,0.9072405273532144,3165.630429390341,1602
2025-09-26,185.52297777232212,259.398087389349,0.9078536492330352,1616.5801727139483,1647
2025-09-27,172.07556031143403,265.7219997673026,0.9047024487661024,3214.8459414320446,970
2025-09-28,185.5109315339144,258.4097480031328,0.6835786739835388,3166.819249640016,1741
2025-09-29,215.60197959694867,262.9056310615709,0.7579337704633458,4047.60725041948,1015
2025-09-30,182.90822556207945,262.58176765414163,0.9447463796493064,4334.599847750342,1627
2025-10-01,198.90824020094317,267.9194778291579,0.8702043667084967,2761.765401249696,892
2025-10-02,213.8247587875776,264.72612852703713,0.6095085974289459,2209.332997405975,1130
2025-10-03,179.0801901409298,262.09013993154906,0.6228216069411722,2037.339589268378,1107
2025-10-04,187.9123750908331,266.1667435839135,0.7623759818843164,1778.4953468194876,1479
2025-10-05,195.59878336021848,268.891587195636,0.918227072051546,1230.5903287960996,933
2025-10-06,179.37562509612602,264.5922383449461,0.78854562928345,2369.7919153388534,1854
2025-10-07,191.54164820775307,261.71758727504107,0.7742343778120016,2080.990768523133,1666
2025-10-08,183.9355999699821,254.9692803767108,0.6369157949848206,4865.669543465629,1039
2025-10-09,190.07097882198025,256.06553058572206,0.8298730366535029,3230.835305000176,777
2025-10-10,166.2000995992435,259.72761274196296,0.8877361062100788,2389.10815612203,732
2025-10-11,211.28068896591884,258.0688126155772,0.7331470026276468,3321.870403974784,1613
2025-10-12,181.11146406471528,260.04415447408377,0.8714641478238645,1556.786805382782,1722
2025-10-13,224.1581830557088,261.1248979761339,0.937566828865284,2776.174996808812,861
2025-10-14,190.4270036306871,263.3527494860694,0.6713182606946911,3504.937285684255,1964
2025-10-15,227.54407335919856,260.2144291866276,0.7831653709181594,2955.591327169805,525
2025-10-16,207.6132880600545,262.86206865869144,0.7004982853296015,2607.1152026172967,1548
2025-10-17,214.2941040176133,260.6145698762484,0.8774990466618438,4975.393555598793,1917
2025-10-18,200.1080526557353,250.2775023330658,0.8021576780584051,4521.259048595708,1006
2025-10-19,212.79866326199584,255.3207955583788,0.8221038461426062,3493.6238326377606,1824
2025-10-20,184.26129990560375,259.15967211150183,0.8792699558655629,3277.5094447291312,1862
2025-10-21,198.1378726543199,253.69427353854172,0.7385896654318591,3482.641919298336,766
2025-10-22,183.8652089820615,262.60502826536566,0.9202815239424652,1805.2484312897327,960
2025-10-23,213.8416681930137,267.12177613974046,0.7865601035361489,2580.5509730572744,955
2025-10-24,185.31794546226024,265.42446859914594,0.6552841879923718,1157.8381315635972,1883
2025-10-25,208.6963582404978,258.1260823486457,0.8435646913590809,2902.1841499473067,1591
2025-10-26,187.85447085667096,266.50956475018387,0.877641472653389,3172.098335830653,1506
2025-10-27,192.48173201643556,259.661908714582,0.7108665869736344,1910.9989444128385,1362
2025-10-28,196.56864819876927,257.09577893561857,0.9000127399495634,4856.115388662055,1935
2025-10-29,182.94027558870823,255.57683283614145,0.917150139168018,4637.818443748968,990
2025-10-30,187.58588799668595,256.99413508404285,0.6969165705822331,3888.5729418236233,1572
2025-10-31,212.04777647230077,256.42823678641474,0.9442325154503276,3133.5465150614505,1063
2025-11-01,166.47310602495514,259.0838393536357,0.6492490348170654,4479.87663859074,1625
2025-11-02,177.36729977834375,258.89726550964497,0.6707054839408715,1522.6093752938516,715
2025-11-03,173.0347605941928,257.9722630678001,0.6644786937333091,4162.039177099539,1961
2025-11-04,155.5820291574649,260.00436117840206,0.9128963985027546,1499.283255867393,1058
2025-11-05,161.21323097340647,263.6355390662394,0.8290023933137366,4176.842650197622,658
2025-11-06,203.8568607303932,262.2927157321517,0.6532364991277955,2103.070273005428,988
2025-11-07,192.28079230280505,249.9830925753329,0.754113196428922,4508.362324072756,1185
2025-11-08,188.81769080499012,244.50061410571004,0.8153543087744307,4776.168375301591,1765
2025-11-09,176.00457494068976,261.8044566990535,0.6292124297462841,1595.183877620463,1293
2025-11-10,185.28001146392705,250.16110101341735,0.9088457289425684,2850.702420261574,504
2025-11-11,194.7761479686684,255.73430485866845,0.8812612374045372,4923.949512650741,860
2025-11-12,163.2565476304817,250.87020410047245,0.7768223707518234,2933.6297438925867,958
2025-11-13,194.87590507645947,247.5735044055065,0.9384943153407096,4454.19009005818,747
2025-11-14,210.59173226301243,259.1533575970679,0.7462163427462849,3354.9260885252797,1445
2025-11-15,184.5598873430738,260.1044571201946,0.9444386116627742,2501.3196316784074,921
2025-11-16,165.96583097653496,253.28876667768503,0.8337719995812695,2143.134222103481,514
2025-11-17,185.68507740251425,243.0787445832315,0.8221349456388795,1812.892364344349,1235
2025-11-18,176.06583754038203,253.165371165331,0.6580842133535247,4047.192765510789,1645
2025-11-19,159.871853259751,257.7182507962435,0.9086747154066254,2546.162027292112,776
2025-11-20,159.36358944056204,248.2273102879975,0.7496213907722152,3045.101848803005,952
2025-11-21,174.9872762227793,256.4013050934013,0.6567816920238677,2969.3019200047274,1913
2025-11-22,164.99364786306458,255.2705936112779,0.6044126319915156,3309.116116932525,1817
2025-11-23,172.5647253440158,258.10623771778563,0.7959144892734339,4462.308582498209,1097
2025-11-24,161.7624510877693,255.67031942448835,0.7845898677429367,4922.957374333718,945
2025-11-25,176.39227926056554,250.0697102406472,0.8517737678292054,2630.336834295268,709
2025-11-26,164.56477126910556,260.7805498160148,0.9115903185562306,4310.075688425212,1213
2025-11-27,189.553154513034,253.8676818051948,0.6277923046250603,4058.111178618871,801
2025-11-28,182.513341572952,254.3864443354174,0.8560237716191268,3294.115805822293,1746
2025-11-29,156.55843645649156,249.7192646002384,0.6655941804341537,4824.188574447732,502
2025-11-30,160.17660118735228,252.0318305022842,0.9003619686050073,1801.898062113611,1489
2025-12-01,168.30173979999165,249.68686555074464,0.8866722298515797,1437.0568412384855,1616
2025-12-02,150.91860078073177,253.10878618389935,0.7892778142449405,4415.847867821689,1019
2025-12-03,168.59163004024612,262.3946962468656,0.848584979518159,2756.599266534993,1951
2025-12-04,187.64009176453217,246.83928549413443,0.7100225396143119,4387.875416828241,992
2025-12-05,174.42632163682265,245.49362158204485,0.764908764626485,4572.36082078166,1758
2025-12-06,158.2156324867275,260.779917571534,0.887572914198665,1249.8303744762857,1119
2025-12-07,170.37491326228792,252.240084910944,0.7607428190106248,4533.859051944242,1684
2025-12-08,151.8067862148121,249.8039769660411,0.7252293928639046,2793.2762214776885,830
2025-12-09,170.21108008054844,258.2115014589584,0.7729743565376049,3041.729956016929,832
2025-12-10,127.19317366271048,249.84653768593108,0.8898872383530264,3506.3700443728408,549
2025-12-11,182.0712061765977,261.8673013149874,0.7173228165798055,4705.530426920347,1362
2025-12-12,152.31816465050775,255.98951946658644,0.6608165575975103,1076.464377719056,771
2025-12-13,113.4543736439982,250.02297043179897,0.8492049071157732,2907.373873271268,1079
2025-12-14,151.76223470534657,263.1117059014924,0.8890923744478285,3750.8881697222423,1775
2025-12-15,134.0342338431873,249.15922758278552,0.6352231174832367,3890.827830792914,1059
2025-12-16,147.121083718888,255.7609164204861,0.6839559394645807,3770.129726148432,1195
2025-12-17,139.75562500092892,253.40953982510936,0.6496901964163478,1537.7405176324874,1613
2025-12-18,142.44526494317026,258.28442073270827,0.7217794940537583,2197.582353486725,945
2025-12-19,126.60187798322328,259.4459076319859,0.7576228426168944,2434.8621016680536,1516
2025-12-20,142.94045938018743,251.66100975631787,0.8620892179371572,4217.74883071802,1855
2025-12-21,152.4756943291679,247.59653702189544,0.8279016547085859,2115.039489658212,1662
2025-12-22,158.25717540679386,253.5261244509593,0.8173249986174509,1842.8198554688129,856
2025-12-23,135.97980469402816,247.70032425014057,0.7233312313133791,4829.792076152385,773
2025-12-24,117.51904620144455,261.0184746991716,0.8945066435796659,1035.4531404538757,1542
2025-12-25,136.18697429184556,251.49685247958956,0.7649505085893575,4991.283422727913,810
2025-12-26,95.57198529982944,248.85020543025263,0.942686728305304,3707.2851954295834,1369
2025-12-27,113.99026150876486,251.4628520787751,0.8219497484035079,4313.877197796468,1385
2025-12-28,97.65923433150734,243.66645646443945,0.644192659547576,2178.4775853847727,653
2025-12-29,131.13620667326524,245.406655082172,0.8366621467264018,1057.26111066824,1913
2025-12-30,141.43359387144753,256.1294321770848,0.7137864054010946,3951.47807424612,1783
2025-12-31,118.96707983253778,246.70552860514303,0.8402145188401341,4336.578388002703,1119
